workload,variant,structure,n,time_ms,steps,moves,comparisons
W1,-,DynamicArray,100,0.056200,10000,0,0
W2,-,DynamicArray,100,0.032400,75248,0,75248
W3,head,DynamicArray,100,0.214900,1201920,1200920,0
W3,middle,DynamicArray,100,0.201000,1101920,1100920,0
W1,-,MyLinkedList,100,0.603400,501327,0,0
W2,-,MyLinkedList,100,0.146200,74748,0,75248
W3,head,MyLinkedList,100,0.015700,0,3000,0
W3,middle,MyLinkedList,100,0.069300,99000,3000,0
W4,-,MinHeap,100,0.002200,3411,1241,1035
W1,-,DynamicArray,1000,0.055700,10000,0,0
W2,-,DynamicArray,1000,0.212300,740342,0,740342
W3,head,DynamicArray,1000,0.554700,3001024,3000024,0
W3,middle,DynamicArray,1000,0.458600,2001024,2000024,0
W1,-,MyLinkedList,1000,5.601000,5011262,0,0
W2,-,MyLinkedList,1000,1.287900,739842,0,740342
W3,head,MyLinkedList,1000,0.014600,0,3000,0
W3,middle,MyLinkedList,1000,1.135100,999000,3000,0
W4,-,MinHeap,1000,0.083200,54665,19213,17226
W1,-,DynamicArray,10000,0.019400,10000,0,0
W2,-,DynamicArray,10000,2.772000,7460694,0,7460694
W3,head,DynamicArray,10000,2.682600,21000000,20999000,0
W3,middle,DynamicArray,10000,1.424900,11000000,10999000,0
W1,-,MyLinkedList,10000,61.303800,50178951,0,0
W2,-,MyLinkedList,10000,10.874800,7460194,0,7460694
W3,head,MyLinkedList,10000,0.005700,0,3000,0
W3,middle,MyLinkedList,10000,12.553900,9999000,3000,0
W4,-,MinHeap,10000,0.797000,754133,265475,239329
W1,-,DynamicArray,100000,0.021300,10000,0,0
W2,-,DynamicArray,100000,21.888500,73970266,0,73970266
W3,head,DynamicArray,100000,33.539600,201000000,200999000,0
W3,middle,DynamicArray,100000,19.287300,101000000,100999000,0
W1,-,MyLinkedList,100000,636.776200,504930938,0,0
W2,-,MyLinkedList,100000,124.760100,73969766,0,73970266
W3,head,MyLinkedList,100000,0.005000,0,3000,0
W3,middle,MyLinkedList,100000,125.925700,99999000,3000,0
W4,-,MinHeap,100000,16.747600,9505677,3287427,3059125
